id,fonte,secao,numero,titular,segmento,comunicante,local,periodo_inicio,periodo_fim,valor_reais,creditos_reais,debitos_reais,pagina_inicio,pagina_fim,n_participacoes,n_transacoes,n_bens,ocorrencias
11,140515.2.9294.11521,automatica,1.1,SUPER EMPREENDIMENTOS E PARTICIPACOES S.A,Notários e Registradores,cartório de notas de São Paulo,São Paulo-SP,2022-03-14,2022-03-14,38000000.00,,,9,10,4,0,1,"CNJ - Provimento 88/2019, art. 25-II; Provimento 149/2023, art. 161-II 25-II"
12,140515.2.9294.11521,automatica,1.2,SUPER EMPREENDIMENTOS E PARTICIPACOES S.A,Notários e Registradores,cartório de notas de São Paulo,São Paulo-SP,2022-05-10,2022-05-10,8700000.00,,,10,10,4,0,1,"CNJ - Provimento 88/2019, art. 25-II; Provimento 149/2023, art. 161-II 25-II"
13,140515.2.9294.11521,automatica,1.3,SUPER EMPREENDIMENTOS E PARTICIPACOES S.A,Notários e Registradores,cartório de notas de São Paulo,São Paulo-SP,2022-08-11,2022-08-11,10340000.00,,,10,10,4,0,1,"CNJ - Provimento 88/2019, art. 25-II; Provimento 149/2023, art. 161-II 25-II"
14,140515.2.9294.11521,automatica,1.4,SUPER EMPREENDIMENTOS E PARTICIPACOES S.A,Notários e Registradores,cartório de notas de São Paulo,São Paulo-SP,2022-08-22,2022-08-22,8500000.00,,,10,10,3,0,1,"CNJ - Provimento 88/2019, art. 25-II; Provimento 149/2023, art. 161-II 25-II"
15,140515.2.9294.11521,automatica,1.5,SUPER EMPREENDIMENTOS E PARTICIPACOES S.A,Notários e Registradores,cartório de notas de São Paulo,São Paulo-SP,2023-05-10,2023-05-10,30903911.00,,,10,11,3,1,1,"CNJ - Provimento 88/2019, art. 25-II; Provimento 149/2023, art. 161-II 25-II"
16,140515.2.9294.11521,automatica,1.6,SUPER EMPREENDIMENTOS E PARTICIPACOES S.A,Notários e Registradores,cartório de notas de São Paulo,São Paulo-SP,2024-02-20,2024-02-20,7000000.00,,,11,11,3,0,1,"CNJ - Provimento 88/2019, art. 25-II; Provimento 149/2023, art. 161-II 25-II"
17,140515.2.9294.11521,automatica,1.7,SUPER EMPREENDIMENTOS E PARTICIPACOES S.A,Notários e Registradores,cartório de notas de São Paulo,São Paulo-SP,2024-03-08,2024-03-08,43710000.00,,,11,11,5,0,1,"CNJ - Provimento 88/2019, art. 25-II; Provimento 149/2023, art. 161-II 25-II"
18,140515.2.9294.11521,automatica,1.8,SUPER EMPREENDIMENTOS E PARTICIPACOES S.A,Notários e Registradores,9º Tabelião de Notas de São Paulo,São Paulo-SP,2024-04-09,2024-04-09,48000000.00,,,11,12,4,1,1,"CNJ - Provimento 88/2019, art. 25-II; Provimento 149/2023, art. 161-II 25-II"
19,140515.2.9294.11521,automatica,1.9,SUPER EMPREENDIMENTOS E PARTICIPACOES S.A,Notários e Registradores,9º Tabelião de Notas de São Paulo,São Paulo-SP,2024-04-10,2024-04-10,16990000.00,,,12,12,4,1,1,"CNJ - Provimento 88/2019, art. 25-II; Provimento 149/2023, art. 161-II 25-II"
20,140515.2.9294.11521,especie,1.1,PIPE PARTICIPACOES LTDA.,Notários e Registradores,tabelião de notas de Guaxupé-MG,Guaxupé-MG,2024-08-23,2024-08-23,240000.00,,,12,13,5,0,1,"CNJ - Provimento CN n. 149/2023, art. 171 (incluído pelo Provimento CN n. 161, de 11.3.2024) 171"
21,140515.2.9294.11521,especie,1.2,PIPE PARTICIPACOES LTDA.,Notários e Registradores,tabelião de notas de Guaxupé-MG,Guaxupé-MG,2024-10-08,2024-10-08,205000.00,,,13,13,5,0,1,"CNJ - Provimento CN n. 149/2023, art. 171 (incluído pelo Provimento CN n. 161, de 11.3.2024) 171"
22,140515.2.9294.11521,especie,1.3,PIPE PARTICIPACOES LTDA.,Notários e Registradores,tabelião de notas de Guaxupé-MG,Guaxupé-MG,2024-10-08,2024-10-08,199864.00,,,13,13,6,0,1,"CNJ - Provimento CN n. 149/2023, art. 171 (incluído pelo Provimento CN n. 161, de 11.3.2024) 171"
23,IPJ-A 3298613/2026,relatorio,5.2,BANCO MASTER,Análise de material apreendido (celular de Daniel Vorcaro),"Polícia Federal — IPJ-A 3298613/2026, seção 5.2 (assinatura do primeiro contrato)",,2024-01-11,2024-01-23,3000000.00,,,28,34,7,1,0,
24,IPJ-A 3298613/2026,relatorio,5.4,BANCO MASTER,Análise de material apreendido (celular de Daniel Vorcaro),"Polícia Federal — IPJ-A 3298613/2026, seção 5.4 (cobranças de pagamento do primeiro contrato)",,2024-02-08,2025-10-01,10266804.42,,,149,157,7,3,0,
25,IPJ-A 3298613/2026,relatorio,5.5,VIKINGS PARTICIPAÇÕES LTDA,Análise de material apreendido (celular de Daniel Vorcaro),"Polícia Federal — IPJ-A 3298613/2026, seção 5.5 (segundo contrato)",,2025-05-12,2025-08-22,22815120.95,,,157,171,9,1,2,
2,140515.2.9294.11521,suspeita,1,IGREJA BATISTA DA LAGOINHA BELVEDERE,Banco Central - Atípicas,Banco do Brasil S.A.,Belo Horizonte-MG,2024-12-24,2025-12-08,57110313.00,28493311.91,28617002.01,3,5,47,64,0,"Banco Central do Brasil - Carta-Circular nº 4.001/2020, art. 1º IV-a; Banco Central do Brasil - Carta-Circular nº 4.001/2020, art. 1º IV-ac; Banco Central do Brasil - Carta-Circular nº 4.001/2020, art. 1º IV-l"
3,140515.2.9294.11521,suspeita,2.1,MORIAH ASSET EMPREENDIMENTOS E PARTICIPACOES LTDA,Bens de luxo ou de alto valor,concessionária de veículos (não nomeada),SÃO PAULO-SP,2025-04-28,2025-08-14,1530000.00,,,5,6,2,2,2,Resolução Coaf nº 25/2013 - art. 5º
4,140515.2.9294.11521,suspeita,2.2,MORIAH ASSET EMPREENDIMENTOS E PARTICIPACOES LTDA,Bens de luxo ou de alto valor,concessionária de veículos (não nomeada),SÃO PAULO-SP,2025-12-04,2025-12-05,1600000.00,,,6,6,2,1,1,Resolução Coaf nº 25/2013 - art. 5º
5,140515.2.9294.11521,suspeita,2.3,MORIAH ASSET EMPREENDIMENTOS E PARTICIPACOES LTDA,Bens de luxo ou de alto valor,concessionária de veículos (não nomeada),BELO HORIZONTE-MG,2025-12-02,2025-12-05,650000.00,,,6,6,2,1,1,Resolução Coaf nº 25/2013 - art. 5º
6,140515.2.9294.11521,suspeita,3.1,SUPER EMPREENDIMENTOS E PARTICIPACOES S.A,Banco Central - Atípicas,Cooperativa de Crédito Credifor Ltda. – Sicoob Credifor,Formiga-MG,2022-06-01,2022-06-30,19693098.00,9900020.00,9793078.30,6,7,10,13,0,"Banco Central do Brasil - Carta-Circular nº 4.001/2020, art. 1º IV-a; Banco Central do Brasil - Carta-Circular nº 4.001/2020, art. 1º IV-ac; Banco Central do Brasil - Carta-Circular nº 4.001/2020, art. 1º IV-e"
7,140515.2.9294.11521,suspeita,3.2,SUPER EMPREENDIMENTOS E PARTICIPACOES S.A,Notários e Registradores,23º Tabelião de Notas de São Paulo,São Paulo-SP,2024-05-21,2024-05-21,36918510.00,,,8,8,5,2,1,"CNJ - Provimento CN n. 149/2023, art. 162 (incluído pelo Provimento CN n. 161, de 11.3.2024) VI"
8,140515.2.9294.11521,suspeita,3.3,SUPER EMPREENDIMENTOS E PARTICIPACOES S.A,Notários e Registradores,cartório de notas de São Paulo,São Paulo-SP,2024-05-10,2024-05-10,50000000.00,,,8,8,2,1,1,"CNJ - Provimento CN n. 149/2023, art. 162 (incluído pelo Provimento CN n. 161, de 11.3.2024) VI"
9,140515.2.9294.11521,suspeita,3.4,SUPER EMPREENDIMENTOS E PARTICIPACOES S.A,Notários e Registradores,9º Tabelião de Notas de São Paulo,São Paulo-SP,2025-01-30,2025-01-30,4347000.00,,,8,9,3,1,1,"CNJ - Provimento CN n. 149/2023, art. 162 (incluído pelo Provimento CN n. 161, de 11.3.2024) I; CNJ - Provimento CN n. 149/2023, art. 162 (incluído pelo Provimento CN n. 161, de 11.3.2024) V; CNJ - Provimento CN n. 149/2023, art. 162 (incluído pelo Provimento CN n. 161, de 11.3.2024) VI"
10,140515.2.9294.11521,suspeita,3.5,SUPER EMPREENDIMENTOS E PARTICIPACOES S.A,Notários e Registradores,9º Tabelião de Notas de São Paulo,São Paulo-SP,2025-02-25,2025-02-25,4347000.00,,,9,9,3,0,1,"CNJ - Provimento CN n. 149/2023, art. 162 (incluído pelo Provimento CN n. 161, de 11.3.2024) I; CNJ - Provimento CN n. 149/2023, art. 162 (incluído pelo Provimento CN n. 161, de 11.3.2024) VI"
1,140515.2.9294.11521,suspeita,relato-3,Dubem Business Marketing Eventos e Produções Artísticas Ltda,Banco Central - Atípicas,Banco Safra (Natal) — comunicação retida pelo COAF,Natal-RN,2024-07-15,2024-09-03,1000000.00,,,1,2,2,1,0,"Lei 9.613/1998, art. 11, II"
